"DESCRIPTION","DURATION IN MS","NAME","PARENT SUITE","START TIME","STATUS","STOP TIME","SUB SUITE","SUITE","TEST CLASS","TEST METHOD"
"","0","@smoke App logo exists on Login Page","chromium","2026-10-02","skipped","2026-10-02","","HomePageFix.spec.ts","",""
"","950","@smoke @regression GET API - get all users","chromium","2026-10-02","passed","2026-10-02","Running E2E crud API test in serail","api/usersApi.spec.ts","",""
"","2560","@smoke App logo exists on Login Page","chromium","2026-10-02","passed","2026-10-02","","LoginPageFix.spec.ts","",""
"","2373","@smoke SearchBox visible exists on login page","chromium","2026-10-02","passed","2026-10-02","","LoginPageFix.spec.ts","",""
"","0","@smoke Currency visible exists on login page","chromium","2026-10-02","skipped","2026-10-02","","HomePageFix.spec.ts","",""
"","2408","@smoke Cart button visible exists on login page","chromium","2026-10-02","passed","2026-10-02","","LoginPageFix.spec.ts","",""
"","1335","@smoke get a user - schema test","chromium","2026-10-02","passed","2026-10-02","","api/user.api.schema.spec.ts","",""
"","1","@smoke logout link exist test","chromium","2026-10-02","skipped","2026-10-02","","HomePageFix.spec.ts","",""
"","1075","@smoke get a user - schema Array test","chromium","2026-10-02","passed","2026-10-02","","api/user.api.schema.spec.ts","",""
"","0","@smoke home page title test","chromium","2026-10-02","skipped","2026-10-02","","HomePageFix.spec.ts","",""
"","0","@smoke Cart button visible exists on login page","chromium","2026-10-02","skipped","2026-10-02","","HomePageFix.spec.ts","",""
"","2365","@smoke Currency visible exists on login page","chromium","2026-10-02","passed","2026-10-02","","LoginPageFix.spec.ts","",""
"","1","@smoke SearchBox visible exists on login page","chromium","2026-10-02","skipped","2026-10-02","","HomePageFix.spec.ts","",""
